,id,belongs_to_collection_True,budget,language_enc,popularity,year,month,count_genre,count_country,count_company,count_splang,count_cast,count_crew,count_staff,count_keyword,castWt,prodcoWt,keywordWt,crewWt,teamWt,inEnglish
1801,1802,0,3500000,0,0.556435,1998,11,1,1,1,1,11,2,13,2,269,9,27,35,313,1
1190,1191,0,0,0,2.087446,1985,1,2,1,2,3,7,13,20,7,163,22,126,316,501,1
1817,1818,0,2000000,5,1.188935,2003,5,3,1,1,1,3,1,4,1,59,2,9,13,74,1
251,252,0,98000000,0,7.284477000000001,1995,12,2,4,4,2,31,16,47,6,693,49,105,304,1046,1
2505,2506,1,0,0,1.218959,2010,2,4,1,1,1,7,2,9,0,129,5,0,25,159,0
1117,1118,0,40000000,0,12.520688,2001,11,2,1,1,1,19,14,33,13,412,0,274,284,696,1
1411,1412,0,13000000,0,8.611077,2013,3,2,1,6,1,11,15,26,12,253,103,205,304,660,1
2113,2114,0,9000000,0,6.842274000000001,1976,6,4,1,1,1,19,26,45,15,423,5,300,580,1008,1
408,409,1,10000000,0,15.109260999999998,1989,2,3,1,1,4,22,12,34,16,430,0,295,245,675,1
2579,2580,1,20000000,0,9.704289,2005,2,4,1,4,3,17,47,64,6,414,69,103,1086,1569,1
2254,2255,0,11000000,4,7.250134,2008,1,1,1,9,1,15,21,36,15,281,120,256,435,836,0
52,53,0,0,0,1.012665,1980,6,2,1,1,1,13,7,20,5,222,7,78,150,379,1
644,645,0,0,14,7.8435619999999995,1952,10,1,1,1,1,39,7,46,13,794,8,223,108,910,0
1763,1764,0,250000,0,8.168455999999999,1921,1,2,1,2,1,35,12,47,14,821,18,282,277,1116,0
2776,2777,0,20000000,0,14.810519000000001,1995,9,4,1,2,4,25,29,54,15,523,27,251,630,1180,1
900,901,0,20000000,0,11.112153,2012,4,2,1,6,2,22,20,42,3,480,92,44,476,1048,1
1073,1074,0,4500000,0,8.786269,2010,9,3,1,3,2,9,3,12,4,170,60,70,58,288,1
472,473,0,19000000,0,8.560694,1991,2,3,1,1,2,15,54,69,3,308,0,56,1318,1626,1
2738,2739,1,120000000,0,10.901602,2001,6,4,1,2,3,15,68,83,5,299,4,95,1764,2067,1
2546,2547,1,18000000,0,6.197298,1984,5,4,1,1,2,18,12,30,0,291,0,0,189,480,1
44,45,0,15000000,0,5.615303,2005,2,2,1,3,1,10,12,22,6,184,36,116,196,416,1
289,290,0,28000000,0,13.856198999999998,1994,3,4,2,2,1,16,14,30,1,342,29,21,295,666,1
912,913,0,25000000,0,11.829231,2013,7,2,3,5,3,13,2,15,5,272,66,85,35,373,1
2083,2084,0,0,2,1.95315,2008,1,2,1,1,1,9,2,11,0,237,3,0,42,282,0
1360,1361,0,0,0,3.985291,2012,5,3,1,1,1,7,2,9,1,118,4,20,36,158,1
2895,2896,0,68000000,0,14.741992000000002,2001,7,3,2,3,2,24,13,37,11,563,31,250,252,846,1
2603,2604,1,70000000,0,15.57784,1997,11,3,1,2,1,25,91,116,21,512,27,450,2407,2946,1
1226,1227,0,28000000,0,6.062425,2011,9,2,1,1,2,12,5,17,5,260,3,101,106,369,1
296,297,0,60000000,0,4.924078,2002,2,1,2,6,2,23,67,90,9,470,78,151,1430,1978,1
1241,1242,1,13800000,0,11.613655,1986,10,1,1,2,2,49,7,56,5,1135,24,63,135,1294,1
1005,1006,0,73000000,0,8.884406,1999,11,4,1,2,1,21,120,141,3,445,11,36,2789,3245,1
1665,1666,0,16400000,0,19.905716,1989,6,1,1,2,1,15,11,26,8,276,26,109,156,458,1
746,747,0,50000,0,11.329733000000001,2007,2,4,1,0,1,10,3,13,1,203,0,2,67,270,1
2851,2852,0,40000000,0,9.802889,1985,12,2,1,4,1,15,49,64,18,308,47,335,949,1304,1
291,292,0,16000000,0,12.153493,2007,3,3,1,2,1,36,15,51,7,683,10,134,260,953,1
781,782,0,13000000,0,4.654312,2016,2,2,1,2,1,40,57,97,4,989,29,69,1367,2385,1
2144,2145,0,0,0,1.797462,1996,3,3,1,2,1,35,75,110,24,707,40,445,1687,2434,1
322,323,0,135000000,0,23.501228,2015,12,4,4,9,2,19,124,143,20,449,156,391,3193,3798,1
298,299,0,3000000,0,1.739182,1991,2,1,1,2,2,7,15,22,0,167,26,0,356,549,1
1298,1299,0,0,0,10.754614,1998,1,3,1,2,1,25,8,33,8,500,15,131,179,694,1
194,195,0,4500000,0,3.3113919999999997,2009,10,2,1,1,1,12,5,17,2,238,6,16,92,336,1
63,64,1,5000000,0,7.743144,1989,7,2,1,3,1,16,7,23,10,335,37,151,142,514,1
393,394,1,60000000,0,7.898202,1996,11,2,1,2,1,20,12,32,8,388,13,105,225,626,1
727,728,0,30000000,0,9.058516000000001,2007,6,3,1,2,1,37,17,54,10,782,5,190,311,1098,1
1583,1584,0,9000000,0,6.484495,1986,11,2,1,2,1,16,31,47,6,323,16,103,749,1088,1
1547,1548,0,90000000,0,11.605735000000001,2003,11,5,1,3,1,25,12,37,7,580,33,127,272,885,1
2425,2426,1,0,0,5.952392,1987,4,2,1,1,1,23,6,29,5,493,10,98,149,652,1
14,15,0,102000000,0,20.666063,2002,6,4,1,7,2,23,156,179,9,378,94,160,3620,4092,1
2567,2568,0,11000000,1,1.812728,2015,5,2,1,1,1,10,6,16,0,237,17,0,121,375,0
1600,1601,0,50000000,0,6.496271,2004,1,2,1,3,1,15,12,27,20,257,74,356,251,582,1
1090,1091,0,15000000,0,14.14078,2015,1,2,1,4,1,11,60,71,19,273,69,346,1281,1623,1
2111,2112,1,135000000,0,12.130127,1999,11,3,2,2,2,20,29,49,6,385,31,102,664,1080,1
203,204,0,75000000,0,14.302910999999998,2007,7,3,1,2,1,21,66,87,20,388,11,351,1716,2115,1
2418,2419,1,35000000,0,13.492845,1995,7,3,1,1,1,53,43,96,15,1188,5,250,1066,2259,1
152,153,0,0,0,3.520171,1988,1,3,1,0,1,5,8,13,2,67,0,18,118,185,1
2901,2902,0,75000000,0,9.883727,1991,5,5,1,3,1,18,93,111,13,353,21,190,2275,2649,1
1359,1360,0,11000000,0,9.003792,2013,9,2,1,9,1,19,50,69,2,428,150,33,1249,1827,1
772,773,0,0,0,5.063701,1997,4,2,1,1,1,17,26,43,5,340,1,67,514,855,1
2678,2679,0,0,0,2.7832049999999997,1998,3,2,2,1,2,5,2,7,1,97,0,9,33,130,1
1001,1002,0,10500000,21,8.253705,2014,5,2,5,3,2,47,16,63,7,1320,57,109,329,1706,1
718,719,1,0,0,7.477944,1992,4,4,2,4,1,20,22,42,0,383,61,0,555,999,1
612,613,0,5000000,0,10.737565,2004,2,2,2,5,1,13,10,23,14,294,89,405,253,636,1
842,843,0,0,0,0.727837,2000,4,2,1,3,2,10,2,12,0,210,38,0,31,279,1
266,267,0,15000000,0,15.423538,2007,9,2,1,4,2,25,50,75,11,547,64,221,1149,1760,1
51,52,0,12000000,0,4.473326999999999,1965,7,2,1,1,2,17,6,23,5,340,10,113,109,459,1
1195,1196,0,100000000,0,11.174041,2010,3,5,4,5,2,88,81,169,3,1478,70,50,1747,3295,1
1270,1271,0,260000000,0,14.670353,2012,3,3,1,1,1,28,132,160,16,628,0,298,3442,4070,1
1491,1492,0,5500000,1,2.942711,2015,5,2,1,3,1,4,7,11,0,100,59,0,196,355,0
1582,1583,0,25000000,0,1.466461,1999,3,3,1,5,1,9,13,22,4,165,65,69,274,504,1
521,522,0,0,0,1.380258,2014,4,2,1,1,1,15,12,27,11,326,18,187,240,584,1
1694,1695,0,521873,1,1.6687939999999999,2016,6,2,1,1,1,13,23,36,4,420,7,58,547,974,0
2663,2664,1,38000000,0,17.02038,2015,4,3,1,6,1,51,25,76,3,1311,71,44,558,1940,1
2748,2749,1,63000000,0,11.624866,1988,5,4,1,2,2,16,25,41,16,300,28,249,525,853,1
1921,1922,1,5000000,0,8.898522999999999,2014,1,2,1,3,1,10,9,19,3,214,28,30,236,478,1
102,103,0,0,2,1.066558,2007,8,4,1,3,1,7,5,12,0,165,58,0,91,314,0
695,696,0,1,1,1.280455,2003,8,2,1,1,1,6,2,8,0,126,17,0,34,177,0
2332,2333,0,0,0,7.032964,2014,10,1,2,1,1,29,12,41,8,651,13,155,275,939,1
2724,2725,0,15000000,0,13.634766,2009,3,4,1,3,1,11,51,62,7,196,39,118,1285,1520,1
2272,2273,0,1700000,0,6.115298999999999,2009,1,2,1,3,2,10,11,21,8,218,35,123,213,466,1
2482,2483,0,43000000,0,13.802674,2005,1,2,2,8,2,20,111,131,4,392,121,75,2549,3062,1
1842,1843,0,0,0,9.987072,1983,12,4,1,1,1,21,17,38,6,350,0,109,291,641,1
1830,1831,0,70000000,0,8.919469,1999,7,2,1,4,1,18,32,50,6,297,36,93,728,1061,1
794,795,0,25000000,0,14.141836999999999,2010,12,1,1,1,1,72,61,133,11,1995,0,228,1408,3403,1
1820,1821,0,500000,0,2.317528,2007,1,2,1,2,1,10,4,14,1,274,14,9,88,376,1
2001,2002,1,0,0,8.500628,1991,1,2,1,1,2,8,2,10,0,148,7,0,41,196,1
144,145,0,4000000,0,6.216637,1967,10,3,1,1,1,13,22,35,10,294,10,152,489,793,1
2525,2526,0,47000000,0,10.642824000000001,2002,11,4,1,2,1,13,55,68,12,279,18,207,1382,1679,1
1330,1331,0,0,0,1.194891,1982,1,2,1,2,1,9,2,11,3,171,28,39,26,225,1
2477,2478,0,0,0,3.4442660000000003,1989,12,2,1,1,1,9,19,28,3,186,10,57,380,576,1
2881,2882,0,40000000,0,13.707888,2015,10,2,3,8,3,66,92,158,7,1575,105,77,2420,4100,1
321,322,0,85000000,0,14.170182999999998,2012,3,6,1,6,1,33,33,66,20,764,62,451,791,1617,1
1261,1262,0,0,4,9.617662,2012,9,4,1,4,1,16,19,35,10,293,54,165,563,910,0
2414,2415,0,0,0,5.916187,1979,12,4,1,3,1,17,6,23,6,370,10,108,98,478,1
1269,1270,0,802000,0,6.165341000000001,1942,10,3,1,1,2,6,6,12,2,100,5,20,118,223,1
1760,1761,0,290000,0,0.140491,1928,4,2,1,1,0,10,9,19,14,176,5,288,190,371,0
416,417,0,0,14,8.175019,2008,9,1,1,9,1,6,12,18,5,134,175,91,329,638,0
2631,2632,0,102000000,0,13.494245999999999,2012,10,2,4,8,1,30,150,180,8,636,124,171,3633,4393,1
2291,2292,0,16000000,0,2.890462,1997,8,3,1,3,1,30,10,40,4,711,61,62,156,928,1
174,175,1,12468389,0,6.116093,2011,10,1,2,9,1,15,3,18,4,353,184,62,63,600,1
1725,1726,1,45000000,0,7.2880460000000005,2003,7,1,1,3,1,31,8,39,5,698,40,73,144,882,1
2175,2176,0,22000000,0,7.106953999999999,1987,8,5,1,3,1,24,80,104,9,562,45,160,2189,2796,1
45,46,0,3906840,5,2.382068,2009,10,5,1,2,2,15,7,22,11,290,23,160,184,497,0
685,686,0,1271000,0,7.441117,1955,1,3,1,2,1,16,22,38,5,289,23,97,477,789,1
1607,1608,0,40000000,0,13.256679,2017,3,3,2,1,1,24,4,28,4,704,9,59,100,813,1
1231,1232,0,26000000,0,11.519662,2005,8,2,1,2,2,67,7,74,2,1638,5,16,119,1762,1
862,863,0,0,0,0.007294,2011,5,1,1,1,1,12,11,23,1,300,7,20,358,665,1
1965,1966,0,9000000,0,15.236541,1985,11,2,2,3,1,24,13,37,5,461,43,85,226,730,1
331,332,0,23000000,11,10.861339,2009,12,3,1,1,3,18,4,22,14,425,9,288,103,537,1
93,94,0,0,0,14.322814000000001,2008,5,2,1,1,1,12,5,17,5,310,6,85,134,450,1
1641,1642,0,4500000,0,7.522655,1986,6,3,1,2,1,9,37,46,3,182,17,33,907,1106,1
2986,2987,0,20000000,0,12.553403,2004,9,3,1,3,2,10,34,44,1,158,31,9,738,927,1
506,507,0,25000000,0,10.510245,2008,10,2,1,4,3,16,14,30,4,304,65,65,214,583,1
2909,2910,0,29000000,0,10.829116,2016,5,2,2,3,1,20,57,77,3,460,59,63,1411,1930,1
2045,2046,0,75000000,0,11.34706,2002,3,3,2,3,3,54,132,186,13,1204,36,213,3402,4642,1
495,496,0,25000000,0,10.323838,1997,10,2,1,2,1,15,2,17,0,340,15,0,51,406,1
2132,2133,1,24000000,0,13.765241,2007,11,4,2,6,3,11,17,28,17,207,100,272,389,696,1
0,1,1,14000000,0,6.575392999999999,2015,2,1,1,3,1,24,72,96,4,597,19,80,1930,2546,1
314,315,1,175000000,0,19.148182000000002,2017,6,4,1,2,1,41,25,66,2,966,0,31,633,1599,1
1272,1273,0,6000000,0,15.11549,1964,8,3,1,1,1,20,16,36,13,401,7,164,317,725,1
1941,1942,0,0,0,7.834161,2015,6,2,1,2,2,10,12,22,0,298,38,0,306,642,1
2967,2968,1,2000000,0,9.333533000000001,1961,9,1,1,2,1,15,14,29,15,324,20,266,311,655,1
1316,1317,1,2200000,0,9.094477000000001,1985,3,2,1,2,1,19,15,34,6,415,21,75,356,792,1
755,756,0,0,0,2.340967,1981,2,2,1,3,4,11,3,14,15,235,36,309,61,332,1
1770,1771,0,0,0,11.002046,1995,10,2,1,1,1,19,5,24,5,324,4,86,94,422,1
1200,1201,1,13000000,7,7.17548,2010,9,4,2,1,2,6,2,8,4,144,12,44,30,186,0
2174,2175,0,0,15,1.342194,1996,8,3,2,2,1,7,9,16,5,155,17,80,164,336,0
1991,1992,0,37000000,0,3.7428239999999997,1997,10,4,1,3,1,12,7,19,3,258,25,33,144,427,1
879,880,0,13000000,0,11.293560000000001,2013,3,1,1,4,1,13,26,39,3,301,64,41,572,937,1
765,766,0,105000000,0,7.291872,2015,12,3,3,4,1,14,144,158,5,324,72,99,3722,4118,1
927,928,0,195000000,0,11.606061,2013,2,3,1,6,1,46,108,154,2,1086,79,49,2848,4013,1
2377,2378,0,25000000,0,7.857078,2007,9,3,1,3,1,18,16,34,9,361,30,167,292,683,1
1374,1375,0,23000000,0,5.307983999999999,1996,12,1,1,3,2,18,43,61,6,331,33,111,1023,1387,1
1814,1815,0,2700000,5,0.677253,1994,10,0,2,0,1,0,3,3,0,0,0,0,75,75,0
1798,1799,1,5000000,0,6.370495,1983,6,3,1,2,1,21,9,30,12,444,21,251,188,653,1
929,930,0,5000000,0,9.841623,1981,7,5,1,1,1,37,16,53,12,765,4,189,261,1030,1
436,437,0,0,0,9.266214,2014,1,2,1,1,1,4,9,13,7,59,12,127,246,317,1
196,197,0,7000000,0,0.8614729999999999,1988,12,1,2,1,2,8,3,11,5,166,8,87,65,239,1
1762,1763,0,2600000,0,13.233262,1974,2,2,1,2,3,25,12,37,22,497,33,441,247,777,1
1064,1065,0,0,0,7.489306,2009,5,5,1,2,1,32,12,44,0,785,25,0,212,1022,1
2342,2343,1,500000,13,1.6402709999999998,2008,2,1,0,0,1,4,1,5,0,103,0,0,18,121,0
2528,2529,0,6000000,0,3.189566,1972,1,4,1,2,1,15,14,29,6,390,26,100,228,644,1
1268,1269,0,10000000,0,6.426937000000001,1998,6,3,1,1,1,22,8,30,27,444,0,492,132,576,1
2323,2324,0,0,4,2.76145,1930,10,3,1,1,1,33,18,51,16,837,15,334,406,1258,0
2779,2780,0,25000000,0,5.9188160000000005,2004,9,4,2,1,1,19,38,57,6,464,0,90,869,1333,1
2225,2226,0,2000000,0,6.857317999999999,1947,11,2,1,1,1,13,12,25,2,205,0,19,250,455,1
450,451,0,23000000,0,5.950792,2004,1,2,2,5,6,11,26,37,11,213,96,201,524,833,1
2164,2165,0,60000000,0,12.975936,2015,12,2,1,4,2,67,89,156,6,1748,32,104,2235,4015,1
2372,2373,0,40000000,0,8.142089,2009,8,2,1,3,2,15,21,36,7,325,25,133,464,814,1
2012,2013,1,45000000,0,10.869056,2001,7,1,2,4,1,16,127,143,3,317,59,41,3250,3626,1
270,271,1,21000000,0,8.425361,2011,3,2,1,2,1,19,4,23,2,432,13,16,93,538,1
1840,1841,0,130000000,0,12.204174,2014,2,5,3,5,1,36,43,79,15,796,73,286,1020,1889,1
2934,2935,1,22000000,0,10.225555,2012,8,2,1,1,1,19,12,31,3,487,1,67,248,736,1
978,979,0,60000000,4,9.471838,1999,10,5,1,2,2,32,14,46,10,710,0,177,255,965,1
2166,2167,0,50000000,0,15.874491,1996,8,4,1,3,1,75,23,98,6,1647,27,93,472,2146,1
354,355,0,20500000,0,8.333525999999999,2008,12,2,3,6,2,17,96,113,9,358,100,242,2390,2848,1
1876,1877,0,5000000,0,3.0078419999999997,2003,9,3,2,1,1,12,19,31,19,253,6,306,424,683,1
184,185,0,82500000,0,9.796552,2006,6,4,1,4,3,24,15,39,16,508,43,229,292,843,1
2744,2745,0,22000000,0,11.698089,2009,9,3,1,5,1,24,19,43,3,524,79,54,430,1033,1
1614,1615,1,19000000,0,10.187278,1999,10,3,1,2,1,15,95,110,2,349,37,40,2543,2929,1
2759,2760,0,0,0,0.08472,1995,6,3,1,1,1,15,4,19,1,324,15,9,109,448,0
1706,1707,0,0,0,10.847383,1959,3,1,1,1,2,43,20,63,12,889,10,225,396,1295,1
1861,1862,1,170000000,0,18.717704,2014,3,3,1,1,1,70,41,111,12,1712,2,265,962,2676,1
246,247,1,23000000,0,14.134879999999999,1994,7,4,1,2,2,16,14,30,7,278,12,122,237,527,1
555,556,0,0,0,4.854436,1932,4,5,1,2,2,41,22,63,13,901,18,220,412,1331,1
1752,1753,0,50000000,0,12.508517999999999,1994,7,4,1,1,3,8,8,16,3,125,0,65,144,269,1
1364,1365,0,5700000,8,8.075698,2009,11,3,2,6,3,25,38,63,10,559,96,225,1052,1707,1
67,68,0,0,7,6.303552,2013,10,1,3,3,2,7,5,12,5,155,37,84,67,259,0
2618,2619,0,13000000,0,12.989056,2010,12,2,1,4,3,29,101,130,16,586,37,265,2443,3066,1
2284,2285,0,22000000,14,9.409701,2006,7,4,1,7,1,10,14,24,7,176,98,110,243,517,0
532,533,0,18000000,0,6.41742,1986,6,2,1,1,1,8,3,11,5,145,16,108,61,222,1
2873,2874,0,3512454,4,0.11006500000000001,2013,3,1,1,5,1,14,17,31,11,435,102,206,454,991,0
2705,2706,0,38000000,0,6.100498,2007,12,4,4,6,2,12,9,21,0,253,91,0,190,534,1
1502,1503,0,12000000,0,12.159818,2012,2,3,1,2,2,19,44,63,16,422,28,278,1092,1542,1
761,762,0,15000000,0,7.844705,2014,5,1,1,3,1,20,13,33,6,457,40,111,290,787,1
2752,2753,0,3000000,0,15.170192000000002,1987,9,3,1,2,1,12,11,23,5,226,32,84,213,471,1
1211,1212,0,18000000,0,4.558075,2010,5,4,2,4,8,23,17,40,7,521,55,104,375,951,1
2243,2244,0,19000000,0,9.801967,1989,9,3,1,1,1,12,7,19,12,208,0,213,127,335,1
1793,1794,0,0,32,7.970312,2000,7,1,1,5,2,5,7,12,149,104,86,2782,179,369,0
535,536,0,45000000,0,11.221186,2008,9,2,2,4,3,25,12,37,6,512,67,100,247,826,1
1746,1747,0,750000,0,1.5000129999999998,2005,7,2,1,0,1,4,5,9,0,82,0,0,137,219,1
463,464,0,0,0,8.09806,1989,7,3,1,2,1,23,8,31,2,481,6,21,156,643,1
2677,2678,0,0,5,11.063822,1960,2,2,2,4,4,24,14,38,16,534,26,223,272,832,1
1839,1840,1,0,0,1.655202,2006,2,2,1,0,1,8,2,10,0,177,0,0,27,204,1
2862,2863,0,2000000,0,0.12184400000000001,2010,9,2,1,1,1,10,9,19,0,300,8,0,238,546,0
124,125,0,7500000,0,16.376657,2009,7,3,1,3,3,23,35,58,17,489,32,295,894,1415,1
178,179,1,15000000,0,14.778884,1982,10,4,1,1,1,23,59,82,25,512,0,413,1376,1888,1
192,193,0,0,0,6.395748,2016,7,1,1,2,1,61,43,104,11,1433,10,262,1154,2597,1
2307,2308,0,7000000,0,3.1320189999999997,1983,4,1,2,2,2,15,20,35,12,321,24,179,431,776,1
1429,1430,0,30000000,0,6.212898,2010,10,1,1,3,1,16,75,91,3,307,57,46,2084,2448,1
1691,1692,0,7000000,0,12.61469,1996,4,3,1,2,1,17,12,29,13,297,21,220,141,459,1
741,742,0,0,0,0.0005780000000000001,1991,11,2,1,1,1,9,2,11,4,194,1,42,60,255,1
1034,1035,0,0,0,6.990989999999999,1968,4,2,2,4,2,23,31,54,10,488,28,181,764,1280,1
1966,1967,0,0,0,9.609726,2013,2,5,1,2,2,16,3,19,0,321,23,0,47,391,1
478,479,1,20000000,0,6.679167999999999,2006,10,4,1,3,2,10,57,67,5,230,23,73,1498,1751,1
1027,1028,0,0,0,4.119518,1983,11,1,1,2,1,19,5,24,7,379,36,113,116,531,1
2601,2602,0,0,0,7.137117,1995,12,3,1,4,1,16,57,73,8,287,39,130,1368,1694,1
368,369,0,0,0,6.068689,2016,4,3,1,2,1,21,8,29,2,501,38,47,192,731,1
2523,2524,0,6000000,0,3.5544910000000005,1983,12,1,1,3,1,8,23,31,4,155,22,71,500,677,1
845,846,1,54000000,0,17.185349,1990,12,3,2,1,4,38,24,62,11,864,0,118,416,1280,1
256,257,0,55000000,0,10.758754,2015,9,2,3,6,1,36,113,149,11,792,67,241,3002,3861,1
1222,1223,1,200000000,0,13.693001999999998,2011,6,4,1,2,4,47,40,87,6,1014,0,91,936,1950,1
1992,1993,0,4000000,10,0.372987,2011,1,3,1,1,1,8,4,12,1,167,4,12,87,258,0
211,212,1,7000000,0,19.726114000000003,1975,6,3,1,2,1,29,28,57,11,609,18,202,584,1211,1
2689,2690,0,85000000,0,11.218378,1998,10,3,2,1,1,18,16,34,8,430,11,122,314,755,1
1949,1950,0,5000000,0,8.966128999999999,2016,9,2,1,1,2,5,6,11,1,107,0,20,139,246,1
1362,1363,0,35000000,0,6.332878,2009,4,5,1,3,1,15,41,56,9,298,24,159,981,1303,1
2151,2152,0,27000000,0,7.436000999999999,1994,11,4,1,2,5,22,22,44,3,462,21,46,570,1053,1
2153,2154,0,0,8,1.021641,1979,11,3,1,1,1,18,16,34,5,444,8,106,341,793,0
567,568,0,40000000,0,6.322435,2012,1,3,1,2,1,17,19,36,6,357,18,97,410,785,1
2206,2207,0,20000000,0,2.651408,1998,9,3,1,2,1,10,10,20,1,214,22,27,208,444,1
2093,2094,0,67000000,0,8.920544999999999,2007,4,4,4,4,1,16,10,26,6,341,63,109,220,624,1
1710,1711,0,15000000,0,7.390012,1986,12,4,1,2,2,41,16,57,6,908,21,128,273,1202,1
1263,1264,1,15000000,0,3.4949,2011,4,4,1,1,1,16,3,19,8,320,3,135,49,372,1
2123,2124,0,10000000,0,6.589303999999999,2005,5,4,2,3,1,19,14,33,10,299,33,179,229,561,1
798,799,0,0,0,3.215954,2009,3,3,1,1,1,27,41,68,0,777,6,0,1155,1938,1
80,81,0,15000000,0,4.9840800000000005,2002,12,4,3,6,1,17,22,39,13,321,70,208,473,864,1
32,33,0,90000000,0,13.412445000000002,2015,10,3,1,7,1,22,92,114,4,469,119,67,2566,3154,1
414,415,0,65000000,0,7.446085000000001,2012,5,1,1,1,2,15,11,26,1,333,0,15,233,566,1
1804,1805,0,3800000,0,8.070589,1948,1,4,1,1,1,25,29,54,11,460,10,187,637,1107,1
2213,2214,0,8272296,8,10.000914999999999,1999,4,2,2,2,1,27,32,59,10,494,10,132,634,1138,0
1321,1322,1,65000000,0,18.860681,2004,12,6,1,6,2,20,155,175,15,393,68,318,3703,4164,1
1567,1568,0,2000000,0,11.276024000000001,2007,5,1,1,1,1,20,17,37,3,476,8,50,459,943,1
783,784,0,0,0,4.582718,1992,7,3,1,3,2,27,32,59,2,569,51,27,660,1280,1
2991,2992,1,13000000,0,4.7940879999999995,2001,1,4,1,2,1,21,21,42,3,561,31,36,501,1093,1
1412,1413,0,15000000,0,14.421528,2016,3,3,1,3,1,10,59,69,8,212,36,114,1695,1943,1
457,458,0,250000,0,0.003013,1992,9,1,0,0,1,2,1,3,0,49,0,0,23,72,1
139,140,1,110000000,0,0.9130959999999999,2003,4,4,1,6,3,31,28,59,5,578,101,101,510,1189,1
2230,2231,0,2160000,0,0.23053400000000002,1945,6,1,1,1,1,20,8,28,0,427,5,0,187,619,1
1025,1026,0,0,0,5.819403,2013,11,2,1,2,1,24,71,95,2,556,35,42,1905,2496,1
88,89,0,20000000,0,13.655178,2017,3,2,3,3,1,41,21,62,7,1095,43,125,474,1612,1
1442,1443,0,10000000,0,12.928711999999999,2017,3,3,1,3,1,66,24,90,1,1496,58,7,564,2118,1
1831,1832,1,6500000,12,0.8774770000000001,2011,1,1,1,1,1,11,2,13,0,282,12,0,37,331,0
2576,2577,0,1500000,0,2.627643,2010,1,1,2,2,2,1,21,22,11,27,29,219,530,586,1
254,255,0,11178,0,0.079287,2012,9,2,1,3,1,9,6,15,2,220,40,41,142,402,0
605,606,0,100000,0,5.113205000000001,2015,2,3,1,1,1,49,55,104,5,1236,5,71,1297,2538,0
1044,1045,0,2000000,12,3.462653,2008,6,3,1,1,2,18,11,29,2,409,6,35,297,712,0
568,569,0,12000000,0,10.159713,2017,4,2,1,1,1,18,71,89,2,432,1,40,1868,2301,1
1732,1733,1,5500000,1,1.250293,2013,9,3,1,1,1,10,1,11,0,240,17,0,13,270,0
2542,2543,0,3500000,0,5.899155,2010,7,2,1,8,1,16,14,30,11,297,125,238,306,728,1
857,858,1,59000000,0,17.328902,2002,3,4,1,3,1,18,58,76,16,367,42,312,1188,1597,1
2472,2473,0,175000000,0,12.319595,2015,11,3,1,2,1,19,11,30,9,438,0,165,226,664,1
817,818,0,100000,0,1.522753,1972,8,3,1,1,1,5,9,14,8,98,18,150,177,293,1
2030,2031,1,1200000,0,8.699428,1975,8,4,2,2,1,12,10,22,15,225,16,280,165,406,1
1877,1878,0,19800000,0,11.313659,2014,9,2,1,3,1,33,9,42,8,705,40,120,210,955,1
141,142,0,0,0,7.008512,2003,8,2,2,3,1,13,13,26,4,207,36,67,253,496,1
443,444,0,0,0,6.473841999999999,1985,2,2,1,2,1,38,14,52,2,888,27,29,312,1227,1
1174,1175,0,0,0,11.069608,2009,9,3,1,2,3,20,8,28,0,461,24,0,184,669,1
486,487,0,60000000,0,7.685548,1998,5,2,1,2,1,21,26,47,19,394,26,314,419,839,1
881,882,1,200000000,0,17.285093,2010,3,3,1,5,1,35,24,59,7,726,54,104,474,1254,1
2564,2565,0,35000000,0,7.219935,2007,12,2,1,2,1,39,13,52,15,794,7,260,243,1044,1
1084,1085,0,0,0,0.273694,2006,10,1,1,2,2,6,1,7,1,132,12,20,8,152,1
1299,1300,0,0,0,2.099788,2014,4,3,1,2,1,4,11,15,0,69,28,0,259,356,1
175,176,1,38000000,0,1.406181,2001,6,3,2,4,1,30,141,171,9,716,49,184,3674,4439,1
1094,1095,0,85000000,0,14.043416,2006,12,2,2,4,1,22,10,32,12,489,39,215,208,736,1
2700,2701,0,35000000,0,8.437586999999999,2009,3,1,2,1,2,21,18,39,8,437,10,148,325,772,1
2846,2847,0,75000000,0,12.949715,2005,3,4,1,2,2,20,58,78,4,365,27,63,1391,1783,1
1963,1964,0,28000000,0,8.318954,1988,12,3,1,1,2,20,38,58,4,357,0,49,852,1209,1
2681,2682,1,5000000,0,3.595599,1994,1,4,2,2,1,17,22,39,14,408,24,263,452,884,1
2097,2098,1,140000000,0,47.326665000000006,2003,7,3,1,2,1,70,160,230,20,1593,4,351,3869,5466,1
2155,2156,0,14000000,0,9.071127,1995,10,3,1,1,1,9,11,20,2,188,0,19,211,399,1
1556,1557,0,7000000,0,6.904831,1996,2,3,1,2,2,12,18,30,12,253,16,203,396,665,1
1670,1671,0,20000000,0,11.11946,2010,10,3,2,4,1,24,21,45,9,593,58,158,479,1130,1
177,178,0,0,0,0.060645000000000004,1997,3,2,1,1,0,11,15,26,2,182,21,31,346,549,0
1078,1079,0,0,0,6.464826,2011,9,3,1,2,1,16,12,28,8,387,29,126,326,742,1
598,599,0,13000000,0,5.169999,2006,11,1,1,4,2,13,45,58,5,232,55,75,1102,1389,1
2190,2191,0,1688000,0,5.076649,1939,1,2,1,1,2,118,28,146,12,3029,5,220,612,3646,1
2531,2532,0,15000000,0,6.2594330000000005,1994,12,2,1,1,5,47,14,61,9,934,0,161,291,1225,1
2667,2668,1,41300000,0,12.061521,2000,2,2,2,6,3,10,88,98,6,200,74,91,2333,2607,1
2786,2787,0,17000,0,7.759376,2011,4,3,1,1,1,7,4,11,7,142,4,94,83,229,1
479,480,0,0,0,8.450231,1993,8,5,1,3,1,6,7,13,1,106,34,6,147,287,1
1967,1968,0,58000000,0,9.508061,1984,12,4,1,3,2,32,17,49,4,654,32,50,298,984,1
1057,1058,0,55000000,0,15.214342000000002,2011,6,2,1,4,1,17,10,27,12,402,36,214,204,642,1
2268,2269,0,20000000,0,5.970067,2007,10,1,2,10,5,16,16,32,9,382,156,155,377,915,1
533,534,1,40000000,0,9.034929,2010,7,4,1,4,3,12,63,75,11,219,35,200,1504,1758,1
1103,1104,0,30000000,0,7.645827000000001,2002,12,5,1,3,1,26,16,42,4,618,35,70,328,981,1
1106,1107,0,7200000,0,5.553737,1987,7,5,3,2,1,11,4,15,3,244,35,30,80,359,1
2927,2928,1,140000000,0,12.996474000000001,2002,11,3,2,1,7,21,7,28,4,401,12,77,148,561,1
1123,1124,0,44000000,0,11.342024,2013,3,5,1,4,1,36,19,55,8,859,53,142,462,1374,1
942,943,0,2000000,0,12.792394,2014,4,2,2,3,1,12,27,39,12,245,50,240,666,961,1
162,163,0,125000,0,10.850569,2011,9,2,1,1,1,6,8,14,7,124,6,133,198,328,1
1551,1552,0,0,0,0.779768,2013,2,2,1,2,1,11,3,14,0,260,20,0,46,326,1
965,966,1,25000000,0,9.304901,1997,2,1,1,2,1,15,8,23,4,292,36,64,189,517,1
471,472,1,35000000,0,23.947351,2009,6,1,2,4,1,87,21,108,12,2295,50,223,412,2757,1
844,845,1,355000,0,7.503125999999999,1931,2,1,1,1,3,26,14,40,13,610,0,226,210,820,1
998,999,1,60000000,0,6.5049269999999995,2003,5,2,1,3,1,52,32,84,5,1305,24,68,713,2042,1
1904,1905,0,0,0,9.296024000000001,1987,6,3,1,2,1,15,8,23,12,292,8,228,164,464,1
30,31,0,13000000,4,16.086919,2011,11,2,1,8,2,32,34,66,7,793,115,148,809,1717,1
2890,2891,1,25000000,0,24.535733,2017,2,1,1,5,1,20,114,134,12,480,78,252,3091,3649,1
423,424,0,26000000,0,7.254242,2012,3,3,4,1,1,11,20,31,14,202,11,298,410,623,1
511,512,0,22000000,0,9.863789,2017,1,4,1,7,1,60,64,124,8,1582,78,161,1609,3269,1
2758,2759,0,784170,0,0.5784560000000001,1948,4,5,1,2,1,12,11,23,4,274,22,51,210,506,1
2737,2738,1,245000000,0,24.926576999999998,2015,10,3,2,3,5,83,155,238,7,2459,37,138,3982,6478,1
1393,1394,1,50000000,0,7.579855,2014,7,4,1,4,1,37,16,53,4,708,46,54,388,1142,1
1586,1587,0,44500000,0,14.238234,2012,10,2,1,3,2,61,58,119,13,1427,50,246,1315,2792,1
1929,1930,0,28000000,0,8.808328,2013,9,2,4,9,2,18,53,71,13,383,145,221,1371,1899,1
2497,2498,0,35000000,0,12.201953999999999,1997,2,3,1,4,3,13,13,26,10,261,45,233,256,562,1
787,788,0,1601792,8,2.329513,2005,5,1,5,3,1,15,4,19,3,444,38,57,65,547,0
2636,2637,0,26000000,0,13.795875,2010,1,1,1,1,1,15,22,37,7,300,8,73,554,862,1
2538,2539,0,6900000,1,4.0315,2000,6,2,1,1,2,11,12,23,0,281,15,0,263,559,0
402,403,0,0,0,3.402261,2014,10,1,2,3,1,6,12,18,5,107,55,79,272,434,1
433,434,0,57000000,0,9.958406,2001,3,4,2,4,2,14,10,24,2,300,53,20,168,521,1
1151,1152,1,150000000,0,5.587707,2007,6,3,1,9,2,38,41,79,8,756,104,150,816,1676,1
73,74,0,0,9,0.9195559999999999,2004,3,2,1,0,1,6,5,11,5,185,0,66,150,335,0
1536,1537,0,14000000,0,8.093442,2015,10,2,1,3,2,22,57,79,7,508,50,115,1621,2179,1
2709,2710,1,60000000,0,9.488116999999999,2002,4,3,3,4,2,18,22,40,2,372,66,16,451,889,1
621,622,0,0,8,7.559297999999999,2004,11,2,3,6,1,22,22,44,1,576,115,6,553,1244,0
1437,1438,0,0,4,5.483162999999999,2010,5,2,1,6,2,16,14,30,5,486,87,79,365,938,1
1559,1560,0,22000000,0,11.275132000000001,2010,10,1,1,2,1,11,2,13,12,230,32,200,50,312,1
1566,1567,0,0,0,0.535931,2010,9,1,1,0,1,4,2,6,1,78,0,20,42,120,1
324,325,0,12000000,0,7.569698,1987,8,3,1,1,1,6,2,8,3,79,5,53,33,117,1
332,333,0,5000000,0,6.226054,2007,9,3,1,2,1,13,22,35,11,259,26,209,507,792,1
1392,1393,1,165000000,0,13.697597,2012,11,4,1,1,1,66,38,104,18,1469,3,434,985,2457,1
650,651,0,16500000,0,10.673167,1995,12,2,2,2,1,17,8,25,11,298,17,175,135,450,1
2236,2237,0,0,0,11.331859,2010,10,1,2,4,4,18,15,33,11,451,41,216,356,848,1
1533,1534,0,0,0,2.238458,1988,8,2,1,2,1,7,2,9,2,99,31,35,31,161,1
2163,2164,1,600000,0,6.854576,1994,1,3,1,1,1,34,11,45,13,1046,18,246,294,1358,1
543,544,1,79000000,0,29.423537,2002,12,3,2,3,1,34,36,70,15,541,14,254,475,1030,1
2958,2959,0,15000000,0,0.9008639999999999,2007,5,2,1,2,1,4,16,20,0,82,26,0,399,507,1
1818,1819,1,120000000,0,14.072510999999999,2002,5,3,1,1,1,42,20,62,17,837,0,319,308,1145,1
1624,1625,0,85000000,0,14.048694,1997,6,6,1,1,3,21,49,70,7,414,0,108,1121,1535,1
1177,1178,0,80000000,0,10.796939,2004,7,3,1,3,1,29,97,126,8,569,25,144,2476,3070,1
679,680,0,2500000,0,5.490505000000001,1955,8,5,1,1,2,13,10,23,19,228,0,337,161,389,1
2096,2097,0,0,0,1.068288,1996,7,2,2,3,1,11,7,18,0,306,43,0,163,512,1
2029,2030,1,13000000,0,14.310479,1990,11,2,1,1,2,10,7,17,4,202,0,63,157,359,1
1659,1660,0,20000000,0,1.057387,1982,11,2,1,2,2,27,15,42,13,677,6,267,302,985,1
1637,1638,0,25000000,0,6.851628,1999,4,3,1,3,1,25,13,38,9,518,42,233,191,751,1
239,240,0,20000000,0,5.270187,2002,12,4,1,1,1,15,9,24,6,306,1,121,153,460,1
2124,2125,0,33000000,0,12.237571,2016,7,1,1,3,1,58,21,79,3,1634,33,60,523,2190,1
2619,2620,0,8500000,0,10.222142999999999,2016,10,2,1,3,3,18,11,29,2,460,45,18,230,735,1
2290,2291,0,24000000,0,16.195894,2003,2,1,1,2,1,14,12,26,3,319,18,48,214,551,1
764,765,0,0,0,2.132858,1989,3,3,1,3,1,29,15,44,7,548,36,139,294,878,1
1128,1129,1,350000,0,10.421679,1981,10,1,1,1,1,10,11,21,17,184,6,299,188,378,1
1885,1886,0,0,8,6.715019,1997,10,3,2,3,1,16,14,30,10,268,42,163,207,517,0
1116,1117,0,40000000,0,13.02535,1998,5,5,1,1,1,13,36,49,0,205,10,0,804,1019,1
1102,1103,0,27000000,0,3.104943,1999,10,1,1,2,2,16,17,33,2,349,14,34,356,719,1
2847,2848,0,0,0,7.08055,2014,10,4,1,6,1,19,49,68,13,434,104,259,1175,1713,1
2330,2331,0,0,0,7.859837,2013,9,3,1,1,1,10,14,24,10,220,7,198,374,601,1
1361,1362,0,0,12,12.912844999999999,1925,12,2,1,2,1,23,20,43,13,605,19,238,489,1113,0
2316,2317,0,24000000,0,11.666172,1988,6,1,1,2,1,13,12,25,5,224,14,55,195,433,1
1407,1408,0,70000000,0,11.898185,1998,12,5,1,2,2,22,27,49,10,450,14,209,630,1094,1
2529,2530,0,25000000,0,3.240624,1970,10,3,2,3,2,21,15,36,3,418,18,47,335,771,1
343,344,0,0,0,1.021685,1982,6,3,2,3,1,6,2,8,3,108,51,55,52,211,1
1105,1106,0,0,5,3.7015379999999998,2003,2,2,4,3,1,20,4,24,6,477,60,115,99,636,0
2592,2593,0,0,0,5.571253,2015,10,3,1,2,1,24,153,177,6,495,27,92,4363,4885,1
557,558,0,8500000,0,5.590678,2013,9,1,1,1,1,16,23,39,0,332,12,0,569,913,1
1475,1476,0,12000000,0,8.816951,1992,8,4,1,2,1,22,23,45,0,536,14,0,500,1050,1
2703,2704,0,10000000,0,6.396767,1999,7,1,1,3,1,19,6,25,10,368,34,195,112,514,1
594,595,0,0,0,11.971318,1995,3,1,1,1,1,10,6,16,0,228,0,0,114,342,1
1557,1558,1,75000000,0,8.940007000000001,2005,10,2,2,2,3,17,19,36,9,343,14,152,309,666,1
411,412,0,87000000,0,7.851669,2003,7,2,1,5,1,12,60,72,4,235,73,54,1377,1685,1
1055,1056,0,0,0,3.554939,2012,5,4,1,1,1,4,5,9,0,61,0,0,109,170,1
2473,2474,0,500000,0,8.398158,2002,1,4,1,2,1,17,12,29,5,391,53,111,275,719,1
108,109,0,14000000,0,3.873796,1999,4,3,2,2,1,6,3,9,0,80,13,0,52,145,1
2025,2026,0,3196621,17,6.7046589999999995,2015,10,1,1,1,1,13,2,15,0,278,0,0,47,325,0
2706,2707,0,100000000,0,5.502098,2007,11,3,1,4,1,17,43,60,11,360,70,183,1023,1453,1
318,319,1,20000000,14,9.570657,2006,6,3,1,1,3,11,4,15,1,259,10,13,104,373,1
2718,2719,0,0,0,10.199449000000001,2015,4,2,1,6,1,40,46,86,14,870,103,245,1033,2006,1
840,841,0,10721568,1,1.68625,2016,2,1,1,2,1,9,19,28,4,208,35,64,460,703,0
2957,2958,0,60000000,0,7.337905999999999,1995,11,3,1,1,1,15,44,59,5,328,0,75,947,1275,1
1351,1352,1,38000000,0,10.307277000000001,2006,8,2,1,1,2,15,9,24,5,291,4,85,190,485,1
2825,2826,1,18000000,0,10.151366000000001,1984,6,3,1,2,1,11,64,75,9,171,15,151,1689,1875,1
2366,2367,0,0,0,9.961184,2015,2,4,2,3,1,17,24,41,15,321,50,313,588,959,1
1882,1883,0,0,0,5.2799190000000005,1975,3,3,1,1,1,12,6,18,3,231,0,28,111,342,1
680,681,0,125000000,0,15.049695000000002,2004,5,4,1,5,5,0,0,0,27,0,55,344,0,55,1
729,730,1,103000000,0,8.18534,2014,3,4,1,2,2,21,22,43,6,503,27,132,531,1061,1
789,790,0,94000000,7,6.587711,2011,12,3,2,3,3,8,45,53,2,172,35,36,1269,1476,1
1813,1814,0,0,11,5.917685,2008,1,5,1,1,1,10,8,18,3,253,16,62,195,464,0
1345,1346,0,40000000,0,10.855502,2013,12,4,1,11,1,47,48,95,5,1076,157,79,1050,2283,1
1868,1869,0,108000000,0,25.629929999999998,2015,9,3,1,6,2,51,105,156,15,1216,92,268,2830,4138,1
2069,2070,0,7500000,0,6.1195900000000005,2005,4,3,2,3,1,15,54,69,3,374,44,53,1479,1897,1
432,433,0,16000000,0,2.488424,2000,9,3,2,4,1,22,13,35,2,435,51,40,288,774,1
564,565,1,0,8,0.6996680000000001,1984,11,1,1,1,1,35,12,47,8,850,15,164,246,1111,0
1748,1749,0,0,0,2.033354,2008,8,2,1,3,1,15,9,24,0,321,68,0,240,629,1
1776,1777,0,1070000,0,0.170074,1998,5,4,1,2,1,5,12,17,0,124,30,0,385,539,1
70,71,0,29000000,0,12.092096000000002,2005,3,4,2,7,1,22,20,42,18,430,87,348,418,935,1
1788,1789,1,11000000,0,23.37742,1979,5,4,2,2,2,10,30,40,16,134,27,289,587,748,1
1229,1230,0,150000000,0,12.533525,2010,7,5,1,5,1,14,5,19,18,293,43,309,107,443,1
1512,1513,0,15000000,0,15.553313000000001,2015,11,3,1,2,2,21,62,83,17,515,14,325,1589,2118,1
56,57,0,0,4,2.94798,2009,8,2,2,1,2,9,3,12,3,178,19,54,78,275,1
1601,1602,0,70000000,0,16.316318,2014,10,5,1,5,1,23,112,135,9,533,64,147,2903,3500,1
651,652,0,5000000,0,5.839893,1983,4,6,1,3,2,23,41,64,11,536,55,171,1063,1654,1
2176,2177,1,5300000,4,5.94395,2002,5,3,1,1,7,20,11,31,13,433,3,224,197,633,1
897,898,0,20000000,0,8.157587,1985,3,4,1,2,1,15,19,34,9,289,22,123,330,641,1
785,786,0,2500000,0,2.296734,1993,1,2,1,3,1,6,2,8,7,79,30,99,33,142,1
309,310,0,26000000,0,7.867999,2003,8,1,1,3,2,34,29,63,16,817,38,257,725,1580,1
2404,2405,0,37000000,0,13.081203,2010,9,3,1,4,1,48,38,86,18,1268,53,323,912,2233,1
1741,1742,0,15000000,0,1.158196,2001,5,4,2,1,1,13,33,46,17,314,3,280,761,1078,1
907,908,0,31000000,0,14.004074,1985,12,1,1,2,2,17,21,38,3,279,5,74,322,606,1
602,603,0,65000000,0,10.90061,2001,5,4,1,4,1,16,95,111,11,324,38,202,2178,2540,1
1178,1179,0,0,0,0.6090800000000001,1971,2,1,1,2,1,10,16,26,2,206,45,29,422,673,1
2297,2298,0,85000000,0,8.326699000000001,2008,3,5,1,3,1,26,18,44,3,563,42,49,389,994,1
1745,1746,1,6400000,0,19.293561999999998,1984,10,3,2,5,1,33,54,87,12,633,70,193,1286,1989,1
1161,1162,0,0,0,4.249695,1927,9,2,1,2,1,25,21,46,12,540,24,211,512,1076,0
1509,1510,0,0,0,8.844452,2015,6,1,1,3,1,15,30,45,6,361,39,115,813,1213,1
2095,2096,0,0,0,0.075409,2009,3,1,2,1,2,0,3,3,3,0,16,58,72,88,1
1577,1578,0,1000000,0,2.301183,1975,5,3,1,1,1,14,13,27,6,280,4,86,232,516,1
572,573,0,80000000,0,9.554067,2010,1,4,2,4,1,20,80,100,4,464,55,88,2142,2661,1
554,555,0,14500000,14,9.298092,2001,5,2,1,12,7,38,8,46,8,861,213,121,158,1232,1
945,946,0,35000000,0,4.386145,2008,2,2,1,2,1,12,2,14,1,248,9,11,19,276,1
2996,2997,0,0,16,3.727996,2013,3,2,2,2,1,11,15,26,6,272,17,117,301,590,0
874,875,0,15000000,0,16.018525,2013,1,1,2,3,1,7,14,21,1,157,38,17,295,490,1
2994,2995,0,0,0,7.438381,1992,9,1,1,1,1,7,17,24,2,123,0,18,351,474,1
1569,1570,1,0,0,8.948564999999999,1988,5,2,2,1,1,10,10,20,5,227,0,103,240,467,1
2668,2669,0,4900000,0,11.494907000000001,2016,7,2,1,3,1,15,17,32,6,354,56,128,371,781,1
2627,2628,0,1000000,0,10.07817,2015,4,2,1,2,1,11,41,52,18,242,22,318,1195,1459,1
1553,1554,0,0,0,4.548774,2011,10,2,1,2,1,18,10,28,2,484,42,32,224,750,1
120,121,1,90000000,0,8.345985,2001,8,4,1,1,3,16,10,26,1,304,0,23,178,482,1
2659,2660,0,10000000,0,6.830599,1985,3,3,1,3,1,13,4,17,4,276,37,57,97,410,1
809,810,1,75000000,0,18.311054000000002,2016,10,1,2,5,1,17,29,46,9,415,44,144,687,1146,1
2186,2187,0,74050,0,2.789574,2004,9,1,4,10,1,17,13,30,23,344,163,438,300,807,1
1618,1619,0,891000,0,0.17924600000000002,1998,2,1,1,0,2,1,1,2,1,17,0,20,25,42,1
313,314,0,0,0,5.339887999999999,2001,2,2,3,0,1,10,1,11,0,221,0,0,10,231,1
1562,1563,0,0,14,7.0740419999999995,2013,9,1,1,2,1,12,13,25,4,243,22,75,255,520,0
233,234,0,0,0,0.492745,2009,2,2,1,0,1,0,3,3,1,0,0,20,102,102,1
507,508,1,60000000,0,8.462363999999999,1998,3,3,1,2,1,31,106,137,5,673,22,77,2678,3373,1
1336,1337,0,0,0,12.140407000000002,1975,10,1,1,1,1,15,10,25,5,295,10,69,213,518,1
1385,1386,0,21000000,0,5.484379,2011,2,1,2,4,1,7,17,24,2,120,57,24,367,544,1
111,112,0,35000000,0,5.093704,2004,8,3,1,2,1,20,25,45,1,416,32,9,574,1022,1
1578,1579,1,28000000,0,17.26045,2010,3,2,2,2,1,26,42,68,14,582,26,272,1002,1610,1
410,411,1,18500000,0,21.761179000000002,1986,7,4,2,3,1,26,38,64,13,430,45,214,666,1141,1
218,219,1,0,16,2.972928,1980,8,1,1,3,1,16,7,23,9,359,52,155,147,558,0
2114,2115,0,15000000,0,6.7773259999999995,2012,9,2,1,5,1,20,21,41,12,465,72,173,473,1010,1
1307,1308,0,0,0,2.69722,2011,7,2,1,1,1,20,19,39,5,418,11,91,413,842,1
1080,1081,0,25000000,0,7.308161999999999,2001,12,7,1,3,1,23,18,41,12,508,54,226,350,912,1
759,760,0,23000000,0,9.604552,2007,8,5,1,5,1,42,58,100,12,870,71,223,1259,2200,1
911,912,0,3500000,4,1.333969,2016,6,2,1,1,3,2,4,6,3,27,19,52,92,138,1
807,808,0,0,13,4.433261,2011,9,2,2,3,1,24,23,47,6,535,48,105,542,1125,0
439,440,0,762241,19,4.860265,2016,9,1,2,3,1,28,24,52,1,783,61,8,549,1393,0
544,545,0,8000000,0,0.537378,1969,1,4,1,1,1,11,10,21,7,230,0,110,167,397,1
485,486,0,25000000,0,5.481452,2010,9,3,1,2,1,18,75,93,10,315,26,152,1824,2165,1
2475,2476,1,132000000,0,22.201607,2014,11,4,1,1,1,16,4,20,3,374,2,47,75,451,1
387,388,0,36000000,0,2.151436,1991,12,2,2,2,1,6,19,25,3,111,13,22,388,512,1
2916,2917,0,25000000,0,8.405395,2009,9,2,1,7,2,58,56,114,6,1489,97,126,1279,2865,1
1192,1193,0,15000000,0,7.603652,1997,12,2,1,3,2,16,29,45,19,303,23,309,557,883,1
1230,1231,1,15000,0,12.706424,2007,9,2,1,2,1,5,11,16,5,155,17,73,275,447,1
1210,1211,0,52000000,0,6.9061449999999995,2011,8,1,1,4,1,19,41,60,7,370,47,105,916,1333,1
1273,1274,0,13000000,0,6.236729,2001,6,2,1,2,2,15,22,37,11,289,27,182,450,766,1
1939,1940,1,1500000,0,6.241185,1984,11,4,1,1,2,16,14,30,3,313,8,62,314,635,1
2303,2304,0,12000000,0,15.698432999999998,1973,12,2,1,3,2,26,36,62,3,513,58,67,865,1436,1
930,931,1,28000000,0,10.445141,2003,3,1,2,5,1,21,50,71,5,515,60,70,1213,1788,1
135,136,0,2000000,0,1.372493,2006,6,3,1,4,1,9,19,28,13,219,63,258,447,729,1
1780,1781,0,5000000,0,12.158424,2000,5,3,2,6,1,17,17,34,6,339,93,91,278,710,1
2167,2168,1,103000000,0,25.085639,2013,5,1,1,2,1,32,92,124,2,729,15,27,2321,3065,1
1497,1498,1,5000000,0,10.510468,2009,5,3,1,3,3,10,35,45,12,189,39,214,814,1042,1
2256,2257,0,0,4,1.4841090000000001,1991,10,1,1,1,1,8,5,13,4,179,11,57,130,320,0
366,367,0,12000000,0,7.883710000000001,2014,4,1,1,3,1,10,15,25,3,205,45,44,286,536,1
2024,2025,1,20000000,0,10.044642,2009,4,3,1,3,1,96,86,182,22,2632,28,430,1977,4637,1
2897,2898,0,57000000,0,10.076222999999999,2001,9,3,1,5,1,16,10,26,5,326,96,74,186,608,1
29,30,0,45000000,0,7.81862,2002,4,4,1,1,1,11,8,19,4,186,0,59,166,352,1
2501,2502,0,0,0,3.724207,2012,12,3,1,2,1,12,2,14,7,232,36,157,29,297,1
2968,2969,1,25000000,0,6.514132,2005,10,4,1,1,2,11,2,13,4,188,8,85,36,232,1
1047,1048,0,15000000,0,10.527141,2006,4,5,3,4,3,24,58,82,5,650,47,70,1289,1986,1
2887,2888,1,23000000,0,10.337689,2001,10,3,1,5,1,28,15,43,7,695,51,158,280,1026,1
1421,1422,0,0,4,4.241058,2015,12,1,1,1,1,4,3,7,2,109,5,43,77,191,0
1488,1489,1,0,12,0.31843699999999997,2010,2,2,1,2,1,10,2,12,0,233,19,0,39,291,0
183,184,0,6000000,14,9.534232000000001,2010,9,3,2,2,1,26,9,35,13,583,27,222,233,843,0
1134,1135,0,0,4,3.408264,2014,5,1,1,1,2,11,6,17,2,283,8,27,180,471,1
188,189,0,180000000,0,16.088366,2008,6,2,1,3,1,32,52,84,1,780,19,16,1162,1961,1
420,421,0,30000000,0,11.43256,2011,5,3,2,5,4,43,66,109,12,933,72,200,1599,2604,1
170,171,1,0,0,9.021668,1985,3,2,1,2,1,13,8,21,8,278,36,154,155,469,1
1377,1378,1,37000000,0,7.387171,2001,8,3,1,3,1,85,10,95,9,2127,38,157,206,2371,1
460,461,0,0,6,1.899468,1986,2,2,1,1,3,8,6,14,6,180,11,90,141,332,0
43,44,0,6000000,0,9.383088,2014,9,1,1,3,1,32,12,44,5,781,55,79,258,1094,1
87,88,0,7500000,11,12.314278,1995,1,4,1,2,2,9,4,13,10,200,11,172,80,291,1
1322,1323,0,0,0,6.198003,2007,5,3,2,3,1,15,15,30,17,377,33,342,295,705,1
1740,1741,0,0,0,5.6696599999999995,1979,8,2,1,3,1,9,17,26,2,184,50,29,397,631,1
705,706,0,1000000,0,17.911314,1954,8,3,1,1,1,20,16,36,10,425,0,171,325,750,1
903,904,0,0,0,1.833948,1984,3,5,1,1,1,12,4,16,5,262,8,84,88,358,1
282,283,0,12000000,0,1.575026,1998,10,3,1,2,1,8,11,19,4,159,5,67,176,340,1
2458,2459,0,0,0,9.449103,2016,4,4,1,4,1,12,28,40,4,301,54,39,667,1022,1
693,694,0,5000000,0,13.524048,2014,10,4,1,2,1,17,9,26,1,330,34,11,231,595,1
2089,2090,0,50000000,0,12.280827,2001,3,3,2,3,1,27,70,97,4,588,35,61,1756,2379,0
2066,2067,0,2000000,8,5.958138,2000,6,2,1,2,1,25,59,84,10,407,19,195,1403,1829,0
257,258,0,1000000,0,1.1575819999999999,1956,11,5,1,1,1,14,17,31,1,277,0,9,314,591,1
2644,2645,1,105000000,0,14.412644,1997,11,4,1,3,1,20,46,66,13,407,50,187,1012,1469,1
2594,2595,0,0,32,3.485214,2013,7,2,1,8,2,7,6,13,0,190,127,0,110,427,0
2442,2443,0,50000000,0,8.176147,2009,3,6,1,2,1,45,10,55,9,1075,11,174,214,1300,1
2883,2884,1,30000000,0,9.863584,2008,7,4,2,4,1,0,0,0,5,0,46,90,0,46,1
1216,1217,0,0,0,10.273978999999999,1986,8,2,1,1,1,13,16,29,10,279,8,203,367,654,1
1041,1042,0,56000000,0,7.81645,2005,3,5,2,2,2,76,14,90,8,1833,6,139,251,2090,1
2453,2454,0,15000000,0,7.665431,2004,9,1,1,4,1,17,10,27,11,377,24,194,185,586,1
149,150,0,25000000,0,5.405958,2012,3,3,2,9,1,9,54,63,4,219,201,81,1296,1716,1
1736,1737,1,5000000,0,5.957998,2016,4,1,1,1,1,10,9,19,1,218,26,14,231,475,1
2358,2359,0,0,0,2.255032,1999,2,2,1,2,1,29,37,66,0,676,37,0,1012,1725,1
2392,2393,1,5000000,14,4.281103,2002,11,3,1,1,1,15,16,31,5,301,10,62,311,622,0
2441,2442,0,3000000,0,4.947043,1984,11,3,1,3,1,17,10,27,3,357,62,39,251,670,1
2112,2113,0,0,0,5.997712,1993,8,1,1,2,1,28,17,45,6,545,31,98,301,877,1
2417,2418,0,3000000,0,12.416635000000001,1971,6,2,1,2,3,36,14,50,11,889,10,177,245,1144,1
134,135,0,10000000,0,11.840494999999999,2007,9,2,1,3,1,30,8,38,9,669,43,138,141,853,1
2930,2931,0,16000000,0,15.15267,1987,9,5,1,3,1,27,18,45,6,442,50,123,319,811,1
831,832,0,12000000,0,8.032616,2008,11,2,2,3,1,47,14,61,2,1416,44,16,240,1700,1
1800,1801,0,5,0,0.0018800000000000002,1999,1,3,3,0,2,0,2,2,0,0,0,0,40,40,1
2929,2930,0,32000000,0,11.428941,2004,10,5,2,2,4,6,28,34,22,101,7,336,609,717,1
2988,2989,0,0,15,0.9845149999999999,2002,5,1,1,1,1,4,2,6,4,132,12,62,51,195,0
1898,1899,0,0,0,2.1157529999999998,1990,2,3,1,2,1,7,8,15,6,114,25,95,175,314,1
864,865,0,0,0,1.489895,2005,9,1,1,2,2,18,15,33,1,471,30,9,304,805,1
528,529,0,78146652,0,9.097953,2009,3,3,2,4,4,34,52,86,1,796,54,7,1468,2318,1
2219,2220,0,3000000,0,6.070216,2009,5,1,2,4,1,29,24,53,23,804,48,397,554,1406,1
430,431,0,10000000,0,6.7377970000000005,2016,3,1,1,1,1,70,24,94,3,2010,12,55,519,2541,1
2743,2744,0,50000000,0,10.738888000000001,2003,10,3,1,3,1,12,109,121,4,208,40,55,2777,3025,1
1744,1745,0,50000000,0,17.887943,2014,10,1,1,4,1,16,39,55,3,351,66,39,860,1277,1
610,611,0,12000000,0,7.075533999999999,1987,8,5,1,4,3,21,19,40,5,474,64,87,417,955,1
949,950,0,13000000,0,1.884204,1986,4,2,1,1,1,18,13,31,3,460,5,47,231,696,1
2811,2812,0,11500000,0,8.719145,2008,12,2,1,2,1,13,2,15,0,306,19,0,24,349,1
221,222,0,0,0,8.358541,1992,11,2,1,2,1,5,6,11,2,106,9,22,135,250,1
1915,1916,0,0,4,2.156134,2012,11,1,1,1,1,29,14,43,0,854,5,0,427,1286,0
2411,2412,1,60000000,0,11.970205,1994,11,2,1,1,2,15,18,33,7,243,6,80,251,500,1
1036,1037,1,280379,0,8.913793,1966,1,1,1,2,1,14,14,28,8,244,12,121,287,543,1
2645,2646,0,0,0,0.504,2014,4,1,1,1,1,4,4,8,0,85,5,0,112,202,0
932,933,0,57000000,0,11.626116,1993,10,3,1,2,1,22,124,146,25,467,37,500,2842,3346,1
2555,2556,0,0,0,0.884526,2002,5,2,1,1,1,9,3,12,5,202,19,88,45,266,1
173,174,1,11000000,0,8.929393,1991,8,1,1,2,1,15,14,29,6,363,18,95,340,721,1
565,566,0,0,0,3.9395569999999998,2009,11,2,1,0,2,9,2,11,2,174,0,21,33,207,1
1960,1961,0,24000000,0,9.526781,1999,12,1,1,3,1,19,32,51,10,451,33,220,679,1163,1
812,813,1,33000000,0,11.840557,1998,9,4,1,1,1,22,17,39,7,458,0,166,267,725,1
2687,2688,0,2000000,4,8.066663,1985,4,2,1,1,1,8,7,15,9,145,0,139,99,244,0
958,959,0,50000000,0,10.246172999999999,2011,7,3,1,1,1,28,41,69,7,633,10,135,981,1624,1
527,528,0,62000000,0,6.258666000000001,2008,6,2,3,3,1,19,17,36,13,368,34,266,322,724,1
1413,1414,0,0,0,2.616309,1991,8,1,1,3,1,12,8,20,5,225,48,89,136,409,1
1611,1612,0,73000000,0,11.604533,1998,8,2,2,4,2,23,78,101,8,474,55,140,1975,2504,1
272,273,0,12000000,0,5.845712000000001,1990,10,2,1,3,1,23,9,32,4,493,35,65,150,678,1
926,927,1,40000000,0,7.473717999999999,1999,2,3,1,3,1,16,77,93,7,315,42,130,1907,2264,1
1739,1740,0,38000000,0,6.456233,1997,12,2,1,1,1,24,9,33,5,503,0,67,121,624,1
847,848,0,24000000,0,2.8188020000000003,1997,11,1,1,1,1,8,16,24,7,114,0,104,298,412,1
952,953,0,0,0,0.985785,1967,7,2,1,1,1,6,10,16,0,94,14,0,180,288,1
1620,1621,0,55000000,0,15.178338,1995,7,4,1,2,2,16,16,32,5,316,12,102,259,587,1
2999,3000,0,35000000,0,10.512108999999999,2011,9,3,1,6,1,34,48,82,14,792,106,186,1157,2055,1
2315,2316,0,5500000,0,6.1492949999999995,2014,1,2,1,3,1,27,11,38,5,653,35,97,248,936,1
1912,1913,0,0,8,7.131568,2010,10,1,2,6,4,52,17,69,4,1210,98,62,313,1621,0
2593,2594,1,25000000,0,3.372523,1993,1,1,2,1,2,15,4,19,0,256,4,0,63,323,1
2031,2032,0,2000000,0,0.632261,1938,5,3,1,1,1,28,11,39,3,634,0,51,204,838,1
1100,1101,0,0,8,0.48139399999999993,1991,12,1,1,1,1,24,8,32,8,605,12,142,187,804,0
1292,1293,0,45000000,0,6.922458,1998,1,4,2,3,2,15,82,97,4,313,31,94,1971,2315,1
2875,2876,0,1500000,0,6.407207,2009,3,3,1,2,3,13,15,28,11,283,42,193,365,690,1
168,169,1,5000000,0,6.501176999999999,1975,5,3,1,4,1,23,20,43,5,518,54,79,490,1062,1
2376,2377,0,2300000,0,1.9700540000000002,2008,7,3,1,1,1,12,4,16,0,276,12,0,86,374,0
1467,1468,1,35000000,0,11.736241,1990,11,3,1,4,1,38,83,121,5,781,41,67,1919,2741,1
2766,2767,0,25000000,0,8.9256,2000,12,3,2,3,2,22,38,60,5,335,42,75,636,1013,1
1398,1399,0,55000000,0,12.202063,1996,8,3,1,2,1,10,21,31,10,177,20,277,408,605,1
1228,1229,0,20000000,0,6.612175,2007,8,4,1,5,1,14,63,77,12,269,61,222,1395,1725,1
2234,2235,0,9000000,0,1.818296,2010,5,1,1,3,1,5,1,6,5,90,50,98,20,160,1
1738,1739,0,0,0,9.64078,1992,12,1,1,1,1,6,14,20,4,89,1,54,279,369,1
367,368,1,0,4,8.150265,1999,2,4,1,4,2,20,12,32,10,452,71,172,216,739,0
2275,2276,0,10000000,0,11.119593,2007,5,2,3,4,1,14,22,36,11,295,51,164,470,816,1
867,868,0,0,0,1.404434,1991,11,2,1,3,1,19,8,27,13,422,32,213,160,614,1
1302,1303,0,44000000,0,4.393576,1980,11,4,1,2,5,23,12,35,8,448,13,117,195,656,1
351,352,1,7200000,0,12.00491,1971,12,3,2,3,2,24,19,43,19,496,39,374,413,948,1
2394,2395,1,35000000,0,9.576744999999999,2001,3,4,1,3,2,16,55,71,6,274,33,87,1148,1455,1
2503,2504,1,0,0,11.457485,1985,7,3,1,1,1,20,6,26,9,410,10,174,105,525,1
979,980,0,0,0,1.184009,1987,11,2,0,0,0,4,1,5,6,71,0,94,10,81,0
1847,1848,0,0,0,0.5404359999999999,1995,9,1,1,0,1,19,5,24,3,436,0,32,101,537,1
2370,2371,1,150000000,0,7.739903999999999,2012,3,1,2,5,1,18,31,49,11,362,76,206,737,1175,1
498,499,0,0,0,0.91505,2006,9,1,0,0,1,3,2,5,0,79,0,0,14,93,1
1628,1629,1,1800000,0,6.694959,1971,10,3,1,3,2,20,33,53,11,431,46,165,694,1171,1
210,211,0,22000000,0,7.145784,1997,12,2,5,2,2,21,12,33,4,479,24,35,248,751,1
2470,2471,1,2500000,0,3.0844259999999997,1979,8,3,1,2,1,22,16,38,3,417,3,52,281,701,1
601,602,0,12000000,0,7.607052,2015,9,2,1,1,1,36,21,57,0,822,10,0,509,1341,1
227,228,0,7500000,0,8.593196,2009,10,2,2,1,1,29,7,36,12,615,8,226,129,752,1
365,366,0,7000,0,7.15307,2004,10,3,1,1,1,19,6,25,9,410,4,154,139,553,1
581,582,0,0,0,6.785735000000001,2014,10,2,1,2,1,25,15,40,5,605,11,94,328,944,1
2855,2856,0,6000,0,5.283661,1998,9,3,1,2,1,15,10,25,9,387,30,131,133,550,1
2178,2179,0,20000000,0,6.372278,2003,9,3,1,3,1,27,14,41,9,566,55,129,205,826,1
2018,2019,1,170000000,0,53.291601,2014,7,3,2,4,1,80,105,185,9,1754,62,181,3004,4820,1
859,860,0,13000000,0,5.532019999999999,1988,9,3,2,3,1,18,22,40,21,418,33,400,433,884,1
407,408,0,19000000,0,7.923639,1997,10,1,2,4,1,22,19,41,5,377,58,90,371,806,1
1920,1921,0,12000000,0,9.363482000000001,2015,1,2,1,4,1,16,28,44,4,444,49,61,751,1244,1
1613,1614,0,50000000,0,9.930325999999999,2003,2,3,3,5,2,125,52,177,12,3308,50,203,1135,4493,1
678,679,0,0,0,7.174869,2011,2,3,1,3,1,12,3,15,7,204,35,138,88,327,1
1264,1265,0,60000000,0,11.328316000000001,2009,4,1,1,6,1,12,21,33,5,227,82,71,470,779,1
2407,2408,0,0,0,1.132307,1993,4,3,1,2,1,9,15,24,0,191,18,0,331,540,1
691,692,0,35000000,0,5.370818,2003,9,6,2,3,1,10,85,95,15,210,49,257,2094,2353,1
7,8,0,0,0,1.9490439999999998,2004,1,1,0,0,2,4,1,5,7,104,0,121,23,127,1
2867,2868,0,100000,0,1.731527,2010,2,3,2,1,1,1,2,3,2,3,4,11,22,29,1
1204,1205,0,0,0,4.912294999999999,1987,7,1,1,1,1,14,12,26,9,293,0,161,250,543,1
2233,2234,0,30000000,0,14.313079,2010,2,3,1,1,2,23,11,34,10,485,10,163,211,706,1
415,416,0,60000000,0,14.039654999999998,1999,6,4,2,4,1,16,23,39,18,319,50,289,537,906,1
670,671,0,2650000,0,4.471515,1962,7,1,1,1,1,49,21,70,11,1129,8,195,460,1597,1
810,811,0,42000000,0,9.874042999999999,1999,5,3,2,4,2,27,11,38,15,425,46,238,139,610,1
1089,1090,0,0,0,10.444048,2015,5,1,1,2,1,12,27,39,7,247,19,126,602,868,1
199,200,0,12600000,0,11.695036,2014,9,2,1,2,1,22,49,71,16,534,17,263,1308,1859,1
283,284,0,19000000,4,4.249948000000001,2008,1,1,1,7,1,22,8,30,12,468,113,168,166,747,0
231,232,0,800000,0,0.941994,1993,10,2,1,2,1,9,13,22,1,215,35,9,291,541,1
2730,2731,0,7000000,0,7.436758,1993,5,2,3,4,2,15,7,22,22,292,62,377,134,488,1
2861,2862,0,47000000,0,7.586577,1996,6,3,1,1,1,17,11,28,5,309,4,68,255,568,1
96,97,0,2500000,4,2.942355,2011,11,4,1,6,1,9,10,19,0,193,103,0,266,562,0
1587,1588,1,30000000,0,8.032638,1991,1,3,3,1,1,15,5,20,3,336,6,45,105,447,1
2569,2570,0,12000000,0,11.516964999999999,1988,3,5,1,2,1,6,14,20,5,114,19,68,260,393,1
1606,1607,0,11000000,0,12.293202,2015,5,1,5,3,2,15,17,32,8,399,66,142,416,881,1
676,677,1,28000000,0,13.570264000000002,2013,7,3,2,2,1,22,18,40,6,540,18,99,446,1004,1
1860,1861,0,6500000,0,2.12989,1981,4,3,1,2,1,10,14,24,3,203,25,69,250,478,1
2781,2782,0,7300,0,0.137676,1998,10,3,1,0,1,15,9,24,0,287,0,0,148,435,1
2863,2864,0,24000000,0,4.347608999999999,1999,12,2,1,1,2,24,3,27,1,444,10,7,49,503,1
2587,2588,0,30000000,0,5.025475,2006,9,4,1,1,1,16,12,28,6,321,0,112,263,584,1
1399,1400,0,50000000,0,16.075615,2016,5,4,2,6,1,23,23,46,12,459,143,172,472,1074,1
1370,1371,0,16000000,0,6.62363,2008,9,3,1,1,1,11,1,12,3,210,0,54,11,221,1
104,105,1,0,13,1.590383,2014,2,1,1,4,1,16,11,27,0,336,80,0,263,679,0
2087,2088,0,5000000,0,8.698042999999998,2013,9,1,1,5,1,10,43,53,5,224,72,105,1141,1437,1
599,600,0,35000000,0,13.542675,2013,2,2,2,5,2,22,25,47,2,560,85,35,562,1207,1
1756,1757,0,0,11,1.528202,2016,8,3,2,2,2,9,7,16,5,237,44,97,205,486,0
1323,1324,0,0,0,1.9350060000000002,1994,10,2,1,1,1,8,14,22,0,162,0,0,345,507,1
642,643,0,39000000,0,7.830087,1988,6,2,1,2,1,14,12,26,8,261,3,133,229,493,1
700,701,0,25000000,0,7.409178999999999,1986,12,3,1,2,1,17,15,32,27,344,36,524,309,689,1
226,227,0,50000000,0,7.668829,2011,2,4,1,5,1,51,70,121,10,1113,62,212,1665,2840,1
1697,1698,0,0,0,5.8603190000000005,1992,1,3,2,3,1,12,6,18,4,244,45,48,122,411,1
1010,1011,0,35000000,0,17.310647,2015,7,1,1,4,1,34,22,56,2,780,33,29,538,1351,1
1572,1573,0,9100000,1,4.23908,2008,12,4,1,1,1,12,8,20,2,298,21,29,173,492,0
776,777,0,130000000,0,9.566135000000001,2008,11,1,3,5,2,45,101,146,11,1072,69,222,2172,3313,1
1730,1731,0,4000000,8,10.067238,2017,1,4,2,4,1,10,4,14,5,268,70,94,96,434,0
2826,2827,0,1500000,0,4.877872,1995,7,2,1,1,1,16,10,26,2,455,0,16,216,671,1
2228,2229,0,12000000,0,11.283472,2002,8,2,3,4,3,14,27,41,4,276,50,76,515,841,1
2794,2795,0,8500000,0,8.592449,2015,2,2,1,3,1,16,49,65,8,364,30,124,1259,1653,1
464,465,0,3000000,0,2.4282790000000003,1990,4,3,1,2,1,4,2,6,4,103,26,68,36,165,1
2651,2652,0,0,0,3.918878,1959,12,3,1,1,2,21,24,45,9,432,6,152,480,918,1
1093,1094,1,6000000,0,41.109264,1972,3,2,1,2,3,58,42,100,12,1181,4,221,843,2028,1
1271,1272,0,120000,0,1.62632,2000,9,4,1,0,1,8,2,10,0,139,0,0,43,182,1
2923,2924,0,8500000,0,9.292099,1986,6,3,1,3,1,23,14,37,5,385,44,52,229,658,1
1580,1581,0,1300000,0,6.636872,1951,12,3,2,3,3,8,14,22,20,132,22,246,278,432,1
1207,1208,1,23000000,0,9.327986,1987,7,2,1,1,1,30,18,48,13,606,0,273,315,921,1
212,213,0,0,0,2.011108,1993,8,3,1,1,1,7,2,9,8,117,1,123,39,157,1
12,13,0,15000000,0,20.726578,1999,9,1,1,2,1,40,109,149,21,785,18,365,2824,3627,1
2972,2973,0,0,11,4.154861,2006,7,2,2,4,1,11,4,15,1,283,51,8,96,430,0
422,423,0,2900000,0,10.92143,2009,10,2,1,4,2,29,16,45,4,691,84,61,400,1175,1
1688,1689,0,41000000,0,12.929653,2009,3,1,1,3,1,46,82,128,3,1070,43,45,2091,3204,1
1779,1780,0,14600000,0,12.989627,1993,2,4,1,1,3,30,44,74,12,588,0,150,915,1503,1
2639,2640,0,70000000,0,7.5130669999999995,2011,1,2,1,4,1,110,36,146,11,3147,41,177,876,4064,1
2319,2320,0,1500000,0,7.081403999999999,2013,7,2,1,2,1,20,14,34,26,488,26,545,371,885,1
637,638,1,23000000,0,7.667578999999999,2008,2,3,1,3,2,13,38,51,11,290,49,174,838,1177,1
1278,1279,0,5000000,0,5.587765,1989,10,3,1,3,1,17,41,58,18,365,68,333,938,1371,1
1640,1641,0,4600000,1,4.342418,2013,7,3,1,1,1,15,21,36,14,368,8,257,633,1009,0
509,510,0,6500000,0,9.312354,2014,12,1,1,3,1,11,54,65,8,282,47,150,1621,1950,1
597,598,0,8000000,0,5.320117,2006,7,2,1,3,1,27,62,89,15,510,28,281,1512,2050,1
2712,2713,0,16000000,0,9.356587,1999,4,3,1,2,1,31,22,53,7,692,8,111,400,1100,1
2634,2635,1,0,0,0.703225,1984,1,2,1,0,2,7,3,10,0,166,0,0,56,222,0
2364,2365,0,50000000,0,9.092925,2014,8,2,1,4,1,98,81,179,4,2828,39,59,2623,5490,1
2643,2644,1,37000000,0,7.558125,2008,4,4,1,1,1,23,19,42,15,614,4,293,474,1092,1
518,519,1,149000000,0,294.337037,2017,5,3,1,7,2,0,0,0,14,0,141,237,0,141,1
2793,2794,1,68000000,0,42.061481,2015,6,1,1,5,1,105,76,181,8,2886,112,175,2208,5206,1
573,574,0,1000000,0,3.374229,2001,4,1,1,5,1,9,21,30,7,215,98,126,514,827,1
2725,2726,0,0,0,5.682405999999999,2002,9,1,1,3,1,25,1,26,10,531,39,152,7,577,1
1097,1098,1,12000000,7,2.1627810000000003,2015,4,3,1,3,1,8,8,16,0,208,56,0,187,451,0
1947,1948,0,25000000,0,1.8622150000000002,2009,10,2,1,1,2,13,1,14,5,222,9,69,15,246,1
1448,1449,0,5000000,0,7.007992999999999,2010,12,1,1,1,1,28,10,38,10,641,4,182,221,866,1
1584,1585,0,17000000,0,7.196689999999999,2009,2,2,2,2,1,15,2,17,6,343,11,57,30,384,1
2596,2597,0,850000,0,1.094395,1982,11,2,1,2,1,8,2,10,3,167,39,57,49,255,1
964,965,0,800000,5,11.322173,1966,9,3,2,2,4,8,30,38,12,219,13,196,813,1045,1
1018,1019,0,30000000,0,12.727269,2012,9,3,2,4,1,34,42,76,17,765,56,317,986,1807,1
2908,2909,0,26000000,0,14.362544,1994,3,4,1,3,1,19,7,26,18,385,37,285,161,583,1
358,359,0,75000000,0,7.970031,1998,10,3,1,4,1,19,49,68,4,435,58,72,1244,1737,1
736,737,0,8250000,0,11.840985,1951,11,3,1,1,1,76,11,87,3,1689,5,50,173,1867,1
1784,1785,0,11000000,0,10.3919,1993,12,2,1,1,1,25,3,28,6,566,0,70,33,599,1
1608,1609,1,50000000,0,17.126768,1992,5,3,2,2,1,25,47,72,21,547,27,423,1032,1606,1
259,260,0,24554,0,0.154526,1998,9,1,0,0,1,4,1,5,0,97,0,0,12,109,0
2771,2772,0,0,0,5.526865,1986,7,3,1,3,1,7,42,49,11,114,23,155,1102,1239,1
2642,2643,0,75000000,0,6.540621,2010,6,4,1,3,1,34,17,51,1,809,28,8,416,1253,1
2742,2743,0,20000000,11,8.636632,2004,2,4,2,1,1,17,19,36,7,431,0,97,472,903,0
2383,2384,1,0,4,4.471645,1970,5,2,2,3,2,19,5,24,0,406,30,0,89,525,0
1029,1030,0,53000000,0,8.657364999999999,1995,5,3,1,2,1,18,32,50,16,336,17,273,661,1014,1
2408,2409,0,16000000,0,5.857368,1991,2,3,1,2,1,9,4,13,1,188,17,12,71,276,1
969,970,1,80000000,0,14.75562,2010,8,3,1,1,2,22,111,133,13,424,7,237,2764,3195,1
2990,2991,0,0,0,1.56098,1997,3,2,0,2,1,30,20,50,6,560,18,110,419,997,1
819,820,0,1000000,0,2.678923,2001,11,3,1,1,1,8,8,16,1,135,4,9,152,291,1
2716,2717,0,0,0,1.1608319999999999,1994,2,2,1,2,1,17,8,25,0,446,33,0,174,653,1
2325,2326,0,79000000,0,9.645543,2003,12,1,4,5,1,23,89,112,5,406,45,59,1880,2331,1
456,457,0,1288000,0,8.590813,1940,4,2,1,1,2,25,37,62,17,467,10,354,723,1200,1
462,463,0,90000000,0,14.374866,1997,7,3,1,2,1,108,172,280,19,2921,31,304,3851,6803,1
2344,2345,0,60000000,0,5.460942,2006,9,6,2,4,2,16,81,97,2,323,64,31,2098,2485,1
2688,2689,1,4500000,35,8.434884,2014,3,3,1,2,4,16,23,39,7,368,16,116,444,828,1
381,382,0,74500000,0,5.3003029999999995,2004,4,3,2,5,3,15,11,26,9,251,89,159,177,517,1
1891,1892,0,5000000,0,0.8897450000000001,1987,10,2,0,1,1,14,16,30,0,336,5,0,358,699,1
1832,1833,0,1250000,4,12.74564,1972,10,2,2,3,2,12,11,23,13,236,22,202,204,462,1
2308,2309,0,1227401,0,8.319631,1991,10,2,1,1,1,15,15,30,12,281,0,169,311,592,1
1506,1507,0,0,0,0.950658,2003,10,1,1,2,1,14,7,21,1,288,24,9,167,479,1
805,806,0,14000000,0,11.535478,2012,3,1,2,11,1,18,8,26,3,388,223,52,149,760,1
2438,2439,0,6400000,0,9.57874,1986,2,2,1,1,1,24,12,36,11,411,0,184,204,615,1
756,757,0,0,11,6.188664,1993,6,4,1,1,2,16,18,34,3,474,7,44,475,956,0
2515,2516,0,6600000,0,8.151346,2014,8,1,3,3,3,12,19,31,6,217,56,92,401,674,1
1253,1254,0,0,0,1.3234219999999999,1997,4,3,0,0,1,10,11,21,1,198,0,12,227,425,1
869,870,0,31000000,0,15.672195,2006,4,1,3,8,1,35,32,67,9,801,127,153,712,1640,1
2064,2065,0,25000000,11,6.636514,2014,10,3,2,3,2,10,8,18,3,221,49,40,149,419,0
1410,1411,0,13000000,0,14.017754,2016,11,2,2,7,1,25,49,74,6,601,127,96,1279,2007,1
2360,2361,0,0,8,6.9975830000000006,2016,6,1,5,9,2,19,22,41,2,419,218,39,571,1208,0
2287,2288,0,18000000,1,1.377993,2015,5,3,1,2,1,10,31,41,6,233,21,87,827,1081,0
2858,2859,1,120000000,0,18.907948,2006,6,4,1,2,4,48,40,88,16,999,0,281,1000,1999,1
1173,1174,0,0,0,4.6018669999999995,2015,6,2,1,2,1,8,16,24,0,269,39,0,465,773,1
542,543,1,65000000,0,11.023042,1998,11,3,1,3,1,11,78,89,17,232,23,285,1960,2215,1
2104,2105,0,0,0,3.508075,1999,1,1,2,4,1,17,47,64,1,330,57,10,971,1358,1
1255,1256,0,0,5,1.62344,1975,8,1,3,2,1,13,5,18,1,243,12,14,78,333,1
1766,1767,0,0,1,0.371679,2001,7,2,1,1,1,7,6,13,5,151,11,89,134,296,0
1765,1766,0,0,0,4.290624,2009,9,1,3,4,3,21,9,30,9,516,68,148,147,731,1
1289,1290,1,0,0,7.390658,1954,3,3,1,1,1,13,18,31,16,252,6,345,392,650,1
2421,2422,0,0,4,8.260823,2003,12,1,1,1,2,13,8,21,24,243,8,387,136,387,0
2527,2528,0,4000000,0,6.430591000000001,2014,6,1,1,2,2,81,28,109,11,2416,15,195,564,2995,1
1343,1344,0,7000000,0,14.054862,1988,2,5,1,2,2,19,7,26,16,364,38,327,121,523,1
1525,1526,0,777000,0,8.152085000000001,1971,3,3,1,2,1,14,12,26,11,251,16,186,158,425,1
2894,2895,0,0,0,1.5234459999999999,1995,6,3,2,5,1,20,18,38,5,418,77,55,355,850,1
2686,2687,0,0,12,0.158207,2006,7,0,0,0,0,0,1,1,0,0,0,0,19,19,0
2194,2195,0,27000000,0,11.953822,2016,5,1,1,5,1,53,9,62,11,1280,82,210,174,1536,1
2420,2421,1,4000000,0,7.9599649999999995,2009,4,4,1,3,1,26,18,44,5,593,33,65,382,1008,1
1677,1678,0,25000000,0,8.383246,2015,8,2,2,4,2,26,26,52,6,558,66,107,645,1269,1
1286,1287,1,22000000,0,9.737907,1983,12,3,1,1,1,17,14,31,4,345,10,70,254,609,1
435,436,0,0,0,7.7457899999999995,1987,7,3,1,2,1,8,20,28,8,174,18,145,488,680,1
1727,1728,0,8000000,0,11.23915,2009,9,1,1,1,1,25,8,33,10,498,0,195,126,624,1
237,238,1,0,8,0.619347,1978,9,1,1,2,2,31,16,47,7,751,24,156,475,1250,0
2347,2348,0,25000000,0,16.816834,2016,12,1,1,3,1,60,80,140,12,1600,35,257,1983,3618,1
109,110,0,15000000,0,3.210693,1966,10,3,1,1,1,18,13,31,2,369,1,36,252,622,1
2274,2275,1,60000000,0,15.037993,2016,3,3,3,4,1,29,101,130,3,636,77,53,2532,3245,1
163,164,0,9000000,0,5.997054,1998,9,2,1,1,4,13,9,22,6,248,10,85,189,447,1
288,289,0,24000000,0,11.269558,2003,1,2,1,1,1,8,24,32,6,144,11,105,572,727,1
252,253,0,8500000,0,6.57613,2004,2,2,1,3,1,10,94,104,5,203,42,78,2078,2323,1
2583,2584,0,0,0,7.538821,2004,8,2,3,2,1,8,4,12,8,149,28,141,97,274,1
1964,1965,0,0,4,0.35233000000000003,2002,5,2,2,2,1,15,2,17,1,415,26,9,49,490,0
1288,1289,1,1700000,0,11.644764,1973,6,2,1,2,1,17,10,27,3,335,19,54,220,574,1
744,745,1,12000000,0,15.297120999999999,1982,12,5,1,1,1,55,15,70,5,1226,0,120,213,1439,1
1206,1207,0,0,5,5.257142,2005,11,1,2,2,1,16,5,21,3,449,27,26,94,570,0
2419,2420,0,55000000,0,6.709803,1996,12,3,2,2,2,12,9,21,8,233,12,191,202,447,1
1391,1392,0,0,6,12.507625,2012,10,1,2,2,2,9,11,20,0,206,39,0,280,525,1
2333,2334,1,9500000,0,10.359669,1967,6,3,1,1,3,16,11,27,29,264,12,431,228,504,1
990,991,0,0,0,7.594022,2003,9,3,1,4,1,6,12,18,9,156,56,157,242,454,1
839,840,0,4000000,0,5.296777,1988,4,2,1,1,1,13,21,34,0,289,13,0,445,747,1
1149,1150,0,300000,0,7.906219999999999,2012,7,2,1,4,2,36,12,48,0,851,77,0,250,1178,1
1221,1222,0,0,0,5.634675,1978,9,3,1,1,1,11,16,27,20,229,7,405,352,588,1
1743,1744,0,48000000,0,7.198455,1993,5,4,2,5,1,10,11,21,7,200,76,114,226,502,1
2400,2401,0,0,0,9.916094000000001,2000,1,3,1,1,1,10,2,12,1,162,5,9,51,218,1
461,462,0,22000000,0,9.627676,2007,9,2,1,3,1,15,9,24,7,351,35,133,199,585,1
1309,1310,0,61000000,0,154.80100900000002,2014,10,3,1,6,1,72,82,154,10,1816,80,206,1872,3768,1
1435,1436,0,22500000,0,9.615664,2014,12,2,2,2,4,24,111,135,8,535,24,170,3073,3632,1
157,158,0,0,0,0.56257,1994,1,3,1,1,1,18,42,60,7,495,16,137,1277,1788,1
1911,1912,0,0,0,0.077653,2011,4,2,2,0,1,0,2,2,0,0,0,0,36,36,0
2359,2360,0,0,0,0.765825,1986,8,1,1,2,1,9,13,22,3,140,15,38,252,407,1
677,678,0,25000000,0,3.643468,1998,9,1,1,2,1,12,4,16,4,241,20,51,61,322,1
2848,2849,0,40000000,0,6.447072,2014,6,2,1,1,1,71,27,98,2,2015,10,26,585,2610,1
1872,1873,0,17000000,0,6.8151470000000005,1988,2,2,1,1,1,20,15,35,9,406,5,118,290,701,1
238,239,0,22000000,0,11.945397,1990,7,5,1,1,1,14,61,75,7,184,0,103,1339,1523,1
2917,2918,0,0,0,16.179384,1988,12,2,1,3,1,17,10,27,7,415,37,145,210,662,1
1091,1092,0,5000000,0,1.9628729999999999,2014,2,2,1,0,1,10,5,15,0,220,0,0,85,305,1
2870,2871,0,60000000,0,13.995044,2003,5,2,2,2,3,22,115,137,28,474,23,453,3087,3584,1
100,101,0,7000000,0,7.958502,1990,1,5,1,4,1,14,47,61,8,298,69,134,1211,1578,1
315,316,0,55000000,0,11.672394,2008,1,3,1,3,1,74,32,106,15,1810,30,252,673,2513,1
1023,1024,0,0,0,7.587797,1983,5,4,1,3,1,18,22,40,11,301,24,203,410,735,1
2746,2747,0,40000000,0,12.725342999999999,1996,8,3,1,1,1,17,15,32,8,365,0,127,289,654,1
767,768,0,20000000,0,16.205105,2007,8,1,1,2,1,54,16,70,4,1216,2,60,293,1511,1
1344,1345,0,0,0,0.53204,1997,10,2,0,0,1,11,2,13,0,238,0,0,56,294,1
261,262,0,50000000,0,11.511424,2006,4,1,3,6,1,23,7,30,10,526,88,170,123,737,1
1451,1452,0,22000000,0,10.77166,2007,7,4,2,2,1,23,29,52,17,424,19,392,563,1006,1
2834,2835,0,80000000,0,8.524847,2003,12,3,1,3,2,11,7,18,3,220,36,46,181,437,1
195,196,0,0,15,1.1656790000000001,2008,10,1,1,1,1,9,3,12,3,260,16,62,52,328,0
1775,1776,0,5000000,0,14.970485,2013,9,3,5,8,1,36,24,60,5,847,163,95,623,1633,1
2841,2842,1,38000000,0,6.938921000000001,1990,6,5,1,1,2,15,7,22,10,321,0,141,121,442,1
1735,1736,1,63000000,0,8.863776,1993,6,2,1,2,2,27,118,145,12,591,8,192,3104,3703,1
179,180,1,32000000,0,11.137888,1989,7,3,2,1,2,24,19,43,12,443,12,181,417,872,1
